feat_0,feat_1,feat_2,feat_3,feat_4,feat_5,feat_6,feat_7,feat_8,feat_9,target
-0.1607469780931326,1.1478521241466653,-1.106239410361895,0.9597100692135454,-0.1104929795744961,0.7408947668966277,-0.5335706452419956,0.7378493646421241,0.26197999732784155,-0.2336570451559779,1
-0.7353298791656271,-1.721966188886004,1.5386385343180555,-0.07598655252264763,0.06279334206684392,-0.9105164864989512,-0.1820852206883348,1.2855418674269605,-0.022779722992493933,-1.1262193099727653,1
-0.25999005663401475,-1.6663939225264153,-0.04212604196151647,0.22301520366097613,0.9919087756176369,1.8533806860065818,0.5111002536620958,-0.6635105922020031,0.8734673087664144,-1.213637966716539,0
-0.4669532105005562,0.8255910707446544,0.15852256580901603,-0.8857251045261865,-0.2390750357608051,-2.9711473596821865,0.29476453943801345,-0.5214169753013473,-1.1964511338313808,0.8918109250619163,0
1.2190230039087668,-1.054061013001879,-0.9394989489621217,-0.10861604279463134,0.9183103953798664,1.0530580703580696,-0.9991550991642265,-1.0181197296830882,1.1015887545397327,-1.9460183552965338,1
1.0178033283301564,-1.0942826073367373,0.010042919213296472,0.3023642278003439,-0.5171807319597241,2.07672820134311,0.34799054407546065,1.0027738833921616,1.2100994140031525,-0.1364208918829007,1
-0.8705058646552977,-1.7684854971847799,2.033936655138009,-1.2645895201920523,1.2231888698509272,-0.28017404598076795,0.3915065403936604,0.9446671428315473,1.5942133728782673,0.22251130265471764,0
-0.8040424965137618,-0.8863048473910977,-0.5665526612913478,0.5549025096136652,0.38467149583826377,0.060403794646862956,-1.1776016807220289,1.076895609559634,-0.26666264123873296,1.014693541130706,0
2.1843409883858373,-0.2104532883643945,0.47332096218996417,-1.5817340783909366,0.856731286552032,-0.10142373244067457,0.43160290688060465,-0.48983139093978245,-0.4644165444190484,-0.4608200629323342,0
0.7846553237550723,-1.2441726677810367,-0.40435201480651406,0.11221355645616626,-1.303405607490293,-2.7619716539947747,1.5827915260253336,0.40598907490655417,-1.3920101940696936,0.908032732811822,0
1.130091585999674,-0.07972255305984773,0.40945228288643903,-1.5460573658246657,-1.3784013583195576,0.5482227553024618,0.01146234350793866,2.0004587118632053,2.0836654179502467,-0.1310271659107215,0
-1.7316013611348853,-0.11509028327627707,-1.7279495363471926,-0.21234821332725085,-0.6954792416389738,-0.11059955454677715,0.8143470237976322,-1.9181946297959442,-0.813216633087319,0.5866076174258881,1
0.5424212697845342,0.33270514527276973,-1.4702278477527333,-0.02741454325994143,1.004750496989214,-0.2306826698197152,0.5882388672255814,-0.3234420322585304,-0.09681513154450477,-1.1982915554679265,0
0.3856469927726429,-1.7279068134868587,0.4085981860117451,-1.2876647892292648,-1.7196406224505354,0.6826278512197452,-0.9843992160290334,-1.0852831051969771,-0.8151849038918075,-0.7044407880056769,0
1.478195713967047,-0.38597891508530535,-0.2985712961231581,-0.4046650128102663,-0.13984913147616507,-2.2505048634410905,0.05675551570908033,-1.4610583736553266,-0.3248460767704768,-1.4183791729478652,1
0.2304779441911155,0.4541513079515964,-0.22428901673379129,-1.269442236336399,0.15907374882573472,1.404680359948381,-1.2054002749688728,-0.348546844116015,-0.24467079342204795,-0.7387844412414969,0
-0.5863692017158278,-0.10238052569958106,0.36618569687021557,-0.42867542581727314,1.5046423508163498,-0.4548853768555097,0.11730646143926245,-0.5262076240907493,1.3792411519124956,0.4834955241450648,0
0.7166541091667131,0.25127049372648114,-1.1832655363467082,-0.9204001351464005,0.002640994905958278,1.681539754152109,-0.8531638823083816,1.1166753368383122,-1.0810192628680362,0.40213100488774844,1
2.000688405761331,0.3546129816747867,-0.9307261151425361,-1.0537606280211815,0.6870140280846883,-1.2420136321891955,0.3596016255730116,-0.8083295788680721,0.9509693263127516,1.66676910927158,1
0.2614177857622421,-0.3505154911203747,-0.6830547004425864,0.2652968402836025,-0.6828494314198611,0.336925536346511,1.8732454766406768,0.5231848715989984,0.20753618262679796,-0.2198290226731897,1
-0.3228007904863704,0.5940402702659308,-2.1786899055081888,0.12764529940114863,-2.5080432918331543,-0.9377374073949615,0.20275902806796522,-0.13008233799415794,1.5239506747859075,-0.75664880646712,1
0.41348420315849493,0.96338940862096,-2.0434292146955375,-1.189377838677392,-0.9726155891712194,0.37641904054679054,-2.1992741686771424,2.530327029686173,-1.3541003151090236,0.8020403296298029,0
0.976324996568737,0.12094460107026031,1.0458427201961844,1.1002573187323286,-0.049369707876867834,-0.8011990816206133,0.9174680031554612,-0.2137213018069183,0.7750416050444511,-0.9263304499374351,1
0.24598417238567996,1.020467700794103,0.06684250396973443,-0.4580836441922645,0.466918752684814,-0.4332683509957834,0.41793232885913123,-1.0763721788837375,-0.16564879757690132,-0.5455593701395159,0
0.9300617663917294,0.45112984277661455,1.1931976266590745,-0.26481838120148604,1.1867653056684309,1.0885926467110367,-0.5100684123958762,-0.07380906859606688,0.2162045829844909,0.5613826209334645,0
0.24744781935511778,0.23124400349706778,0.4677285239156669,0.04035115936110946,2.375099558222451,0.9724756488029787,0.6117401575869809,-0.11741558405427627,0.2720271379583697,0.5245072200059986,0
-0.7946500617384873,1.3056350077411816,0.05090429733342095,0.3892327754961941,-0.6243147759960548,-0.7340934597035272,-0.039386008408490075,-0.6681700951644317,0.42057187707014915,0.7006638581468467,1
-1.2730429139021282,1.5867504869077758,0.016686482464904926,-0.2118980126377327,0.5536730616393787,0.4689721018250497,0.4462956676961821,-0.0555928893848224,1.6774700252972439,-2.137739748414221,0
0.5162350323684639,0.7330502280924357,-0.011699434444160304,-1.8304913101778115,0.8770293714236734,-0.49681772228647897,-0.36129314661459677,-0.28075730910575175,-1.1416323790258849,-1.1765148096580005,0
0.6316683113335024,0.27923154036874104,-2.7146024279869927,-1.7542617243227403,-0.1511334280475783,0.11730201892971963,-0.19572336868797136,0.5681637435261322,-0.4379853175729045,-1.2251331000626224,1
-0.679488086028042,0.2311156981748922,0.45722469716103104,0.4703733119391381,0.22365285682870675,1.423553359343988,-0.5854450274687822,0.09393642430596408,1.4227261405769793,-0.7050607999040553,0
-0.09987679111891867,-0.45466383985941816,-0.5511974191962097,-0.2029977485344746,-0.199395545324004,-1.2198427388116893,-1.4058081583787123,0.18642096873723046,-1.6286113631686314,-0.46618867888445,0
0.3556379194798883,-0.9454296153158364,0.17096123449274786,0.5468056118929255,-0.13653954066083454,-0.949807864786831,-0.23718928660561192,-0.4472374024741465,0.42071958521574454,0.23515005731002572,0
0.5849826096223328,0.7629547185938842,0.8187158819364444,1.8254215273302932,-1.707248858029757,-0.8315214281929234,0.7385264991971164,1.6650508031197642,-0.22401314726211813,0.08945683987969186,1
-0.7844678170251939,1.2299849262455955,0.35632926801095793,0.6434651145380181,-0.31340016272845306,-0.6692504597837289,0.6475508371648503,-0.41351192003878545,-1.0211781587337467,-0.9955116250267907,0
1.976168380295431,0.24048642001997692,-1.2806338781869324,0.6403934782976115,-0.5936025641908177,-0.06733174004757309,0.033975392668222935,1.6541204867669348,2.261699022455082,0.7422776643627965,1
2.455045174708088,-2.1527458795270293,0.733184192710563,-1.993323243155803,-0.6283594292106716,0.42273906743436085,1.211814665141314,0.33997917664426397,0.42124692230483385,-0.05496276050059426,0
-0.8050943616386628,-0.05060156765082217,-0.9959343733760323,0.2975315181670145,1.048277125753487,-1.865218085695394,-0.78949278015798,-0.8013973231235825,1.0409105282973383,1.0936502256289686,1
-3.116867677675641,0.3547672951109358,-0.03135852794614136,2.337283173229618,0.6105260672935542,-0.9582626549067167,1.045110698267599,-1.6433712884452827,-0.48319241777166333,-0.46156409838940365,0
0.3664115684006845,0.39160300719436625,0.777479646910037,-0.7827202076662026,0.9798118087359015,-1.7598166655339997,0.30122630714701515,1.0532590144792213,-0.1394947120803558,-0.42633764586640377,1
-0.27724211553279104,1.9912945878420703,-1.0049909644881987,-0.11243930325053453,0.9509842654150352,-0.5346998067842185,1.1736945329827853,-1.6723501159431198,-0.7191206989948874,2.138335419422241,0
0.8621043958462505,-0.7731384044459796,-0.09648400621660758,-0.6394825069137621,-0.7281432820015928,0.6752319065018696,-1.1022032382788343,0.4716908200247762,0.5340272841478607,-0.9051570501223576,0
-0.5867137064264899,-0.6314761691711612,-1.2737336572155562,0.6467604202842255,-0.9299833838654371,-0.7356481428494499,0.8439485939676521,1.385785713310449,-0.18545289483242258,-0.4603018174643624,0
0.5796356195506256,-0.12375384790087096,1.2758466065148566,-1.0129072944210453,1.4857893907280688,-0.44893187697549447,0.5118058773059554,0.8177289333953229,-0.7237023004682194,-0.36172599602712663,1
0.31793220473740724,0.023068856378504008,-0.3557273783074052,1.7621545551854558,1.228614576733087,0.5264988182072031,-0.966450708052719,0.5466148916719838,0.3101026888036564,0.4781301183170789,0
0.27111429622852096,-1.4214070383593023,0.5753155765554564,1.0075846768384213,0.8111111166314869,0.0059508805439726165,-0.9240741481946491,-0.6856906468802038,-0.13255338919339968,-1.280069736271781,1
0.21621887131918172,0.24655182492311326,0.3571870756173145,-0.18655507696310605,0.36702559231422627,1.5130623038787443,-1.3724095659319349,-0.06994585701805626,0.8878714048891466,0.37296601435392035,0
-0.8467254597443554,0.25051413441681375,1.486875634873126,0.5949869155345334,-0.3243109740860698,-0.32989647969011937,0.5078127968947835,-1.0527561379784756,1.7660557292797747,-1.3162729276083776,0
0.15312175812375076,0.9806569864116226,1.147618810164334,1.289308239526836,0.11677745956178577,-0.02370570840425573,0.21691333370042287,-0.7748989560029448,0.9180650763253715,-0.33051661634911045,0
-0.9272880677926795,0.608810885058057,-2.234338041937095,0.1114662913104629,-0.14979173865719617,0.15335403541084447,-0.0045650433652678485,-0.044467943353758185,-0.3924725050866466,0.9213400098264766,1
-1.7389460752663344,1.2425072881567536,0.15949983523518826,0.4149768520779044,-0.3068645768132116,-1.427951695602714,0.6964749450430725,-0.6964589822688322,1.0613223929858158,-0.6250884341141031,1
-0.9645126751365487,-0.47788810415598754,0.8819066180589953,0.15563783563989053,0.6634933007932309,-1.3869229778934409,-0.9164652487378014,0.2266531949138242,-0.6828194948542058,0.5732208208498071,1
-0.08382504932126648,-1.2824748965952164,0.2678489488106387,0.8770341104131708,-1.0496546154783983,-0.2781746340541104,0.976886980461853,-1.2667994018798563,-0.8942565328037487,1.595124760049479,1
-1.2895630503492108,-0.17727131871757337,1.6422847605988184,2.153019755039717,-1.1396585308064602,-1.0342935656033254,0.6117709472412116,0.20359398387554356,-0.8405159734921207,-0.14712252740474066,0
-0.9694387759727354,-1.3316703140290882,-0.4635939737466303,-0.5359553055010724,-0.7271292473718219,0.5158175556952143,0.42265649066856725,-0.42452524056551494,-1.1354170737379277,-0.4819038626689179,0
-1.3710436933148127,0.7623660723898058,1.93968452264279,-0.739109583394191,-1.0333317390654144,1.197192530174964,-2.756507161135202,-0.5782376743920822,1.0982770634489734,0.6972388441485725,1
-0.3722190114331579,-0.8375790117014718,-0.6027003572202284,1.7981290978168047,-0.5608786731754931,-0.26165785760415006,0.7105195047662616,-0.2832311222807673,-1.9945402201357079,-0.5803830600607528,0
1.2916179237762118,0.6151888997475323,-1.4503721214933993,-2.011948718441039,-0.2946172255203197,0.5358439805120405,0.6237700777628558,-0.35765446880191165,-0.7773083599666075,-1.1759508999040906,0
-0.586399460279319,0.5120772564394072,0.1471241166970883,0.5497009278305928,-0.4133155796492914,-1.2680024460647885,0.3689595203278647,0.8780980950730536,1.2537993437633588,-1.320898183879393,0
1.4220298885697833,-1.3326868919906725,-0.6899955222903231,1.1410474714905654,1.1524106361686843,0.3269089916667857,-1.232888763609303,0.7969884275258758,-0.4809405831255186,-0.42835261198830515,0
-0.5479692145982077,1.0770456290287989,2.353771211900889,-0.8740379435224224,-0.591017075622068,-0.07288224982190468,1.1422387927630613,-0.42667434814529664,0.6488648709236636,0.5923319300363462,1
1.612377569313356,1.841375513575536,1.238172700077322,0.22873327297200016,-0.20244903877637227,0.9407323254684798,-1.7895570905071112,0.8744936153498982,-0.8695833342542929,-0.32725068832226745,1
0.835367278044529,-0.1515088635329866,-0.21366601854685885,0.5321985070846739,0.12317060306981271,0.575925654698113,0.15377254491731723,1.0878416785642369,0.05913202561818702,1.4150948189459545,0
-0.1379233324439904,-0.2365438475351401,-0.13802571597376725,0.8881989785009055,-0.30998374476118995,0.5690575629939635,0.33926093564320225,-0.07201972047441953,-1.9660713646440253,-1.0734548746711414,1
0.9423029967375011,0.8484477861023191,0.38317838367802287,1.2222023891931115,0.4568526857793537,1.3367638710924425,0.11678979557344338,1.3429336394840607,-0.12767081557327037,0.48861583495911387,0
0.28157273725771154,0.0547532803239705,-1.0037936008470314,1.2079548215259799,-1.0607602493024264,1.3411541086934362,-0.49652161801038,2.028111494486528,-0.5062964845740237,0.05587858097063774,0
-0.9064400421234934,-2.013428268083942,-0.13790527227560978,2.2712157600529514,-0.5561602523047592,0.607490209909718,-0.8197787430088721,0.937475508768958,0.6224447489472774,-0.7307527289814446,0
-1.5871902191777267,-0.8406643398107264,-1.3030743167045213,1.3462581325920921,-1.5512012594854667,-0.46247066650829516,1.3459324909122083,1.0520666613426521,-0.27999530942198514,-0.554082010265726,1
2.244336484375952,-0.509347748525577,-0.782233185074729,0.061508018530816305,-0.8878214832919383,0.3369946702260459,-0.12261425519131611,-1.296720810359355,1.3559492647849678,0.8324072207177549,1
0.5314144805231616,-0.13712937825538507,-0.27037710997692,-0.747867540542685,-0.6761845224381395,-0.026057820709754723,-0.704531578213961,0.47136616109191126,-0.7586151921829335,-1.0790930734016213,1
-1.621528218797868,0.9890587426821564,0.15879425912322023,1.683915701248347,0.3528842987487599,1.722541998699916,-0.10904733378451613,-2.0736489125918456,-0.4622980504278302,0.011399138940788874,0
2.570039590453837,1.2563824564969666,0.5182932063289907,-1.1874401152140517,0.5302001715737076,-1.2353589807389642,-0.051506135161573575,0.09192546264914139,-0.5860005025041688,-2.18941842112743,0
-0.06474256943719574,0.04439716381447516,-0.6862408229982663,-1.9481781545768342,-0.1223893636568582,0.32877811285447694,-0.39055258354716077,-0.10233788099026084,-1.5719841871748783,-0.44112114878946235,0
-2.389177414795151,-0.8371940393533109,0.5737226355482095,-0.8198292656299574,-0.9565825399884433,0.5950586228714279,-0.11971433171111112,0.023041297093839678,-0.7436384781020724,2.340279716052931,0
0.0414828942545111,0.6620097156575668,0.6330014409746922,2.226347487623833,-1.8626254148582684,-1.1182795578498816,0.8213273782625026,-0.8285321421857057,1.1723123301788256,-1.125607263566389,0
-0.8458039206734559,1.0299514471482676,-1.1253007481428914,0.4550286810563205,1.0756794853709761,0.372124621753189,-0.16750862004395256,0.039657355641076315,1.4419376281342584,-0.46067878101217724,0
-0.2100996928858327,-0.12727797901722523,1.6958926884818029,1.4859162357270705,0.6758476293991308,0.8063660630411802,0.4616679520303695,0.5711899562258943,0.13758861125652252,-0.5387951055657946,0
0.6405970654432989,0.18602726781642828,0.43689489952222876,0.054955663970428746,1.0610909502431585,1.864969659695773,2.830746140553324,-1.5192350080698493,0.13233724287658663,-1.4577381663618754,0
-0.6423160566721435,1.2527766632278465,-0.8030645527825632,0.310275809436618,0.006313236065520271,0.3818599783963722,-0.16202953337244486,0.4293583893621368,-1.6977574849577564,0.41186972682183187,1
-0.508562797093369,0.21556486332752306,0.5425798288936369,-0.4982238021413756,0.012440916985339773,0.6734274227361537,1.5816097525479125,-0.9028316834359724,-1.3055035229282113,-0.9948321799701807,0
0.11526764390119447,0.5788746423799673,-0.06527978880389461,0.31245741036612895,-0.815689266177494,-0.6812877118197898,-0.30457794406569927,0.5434932808381706,1.4355267014149804,1.3161589021321278,0
-0.29527198101970503,0.4030660446582451,0.762234688037966,0.36987382596634477,0.48828562250229696,-0.5313226577942913,-0.8888381722645998,0.0947803249469792,-1.9541962611984527,-1.2163608232587872,0
0.665892717559485,0.026986022571245473,-0.4404175250248131,-0.12541393173103388,0.1307453071264108,2.147438399251408,-0.03591137985287253,1.6467083929083295,1.64249840672286,1.9158286123513302,1
-0.28711778110849534,2.507096911679919,-0.0292971655501459,-1.2962203422012708,-0.9886782795968667,0.8677413308690964,1.434004962803259,0.05574527764861026,-1.2209088912735293,-1.3475816910716345,0
-0.3994065996279822,-1.6380372523183024,0.45769127633666346,-0.30209775445936476,-0.5647934294751382,-0.5292492593319603,1.4132246498438643,1.1819904756120605,0.3962702601027204,-0.5843197757665539,0
-0.2419905925550501,-0.7475097040605191,0.21678912172853293,-1.6851488954188985,0.2591883531659195,-1.1042525345586323,-3.3911614452218197,-1.0322356360535379,-0.7820985288878133,0.2181915773205461,0
-0.5295127338371441,-0.47515205510432307,0.13159982651904348,0.4120931733100651,0.22702760028416505,0.4774902011290233,1.092921433260415,0.9120945739446238,0.5851749421683475,0.6217384111952491,1
0.12046332014985785,-0.4270692309911875,-0.18362618781570073,1.718932183421516,-0.741190830910726,0.13268170082844286,-1.0030565795445412,0.4768508924212992,1.100665967352514,-1.399496433612765,0
-0.47543466201852125,1.339241823815212,0.9464552233651575,-0.3472407696945517,-0.14591302037015527,0.6336361761327866,0.3408381116941877,0.10931390696908402,-1.718940588758808,-0.23152825613048847,1
-0.320827945412393,-0.28276064752858854,0.14669577032547387,1.8951487463602812,0.40357296755866273,-1.177453626395383,2.5331873716673265,-0.6086017774031319,0.9249520839269415,-1.2266597408027913,1
-0.9132666392592383,1.5234155983589819,-0.12903451955256998,-0.07190001277426293,-0.7450888279977053,-0.9324742703938068,-0.4221039713570057,0.13717865406339372,-0.31155397043493727,-2.005790386810138,1
-0.21808395649298704,0.2815281993624088,-0.07923610629723128,-1.072282978555978,-0.8219091101501107,0.11617633065039858,-0.4017649388004666,1.8092102360683493,-0.02309622639084094,-0.27582126572345905,0
-1.056617900301758,0.4238007577557356,-1.5154719946692115,-2.041950550842204,2.0176270269975465,0.17727178328176652,0.03538141051188363,0.0391615373386233,0.18487157513954397,1.2253962442094246,0
-1.094296122408514,1.0285915998835995,-0.9966746697885056,1.5323585185008972,0.4320901916325758,0.9699124427871244,0.08378259686990952,-0.13887251371518988,1.3014086109851297,1.6519358365321746,1
-1.7927432291374819,0.32970388101096454,-0.25511537220695335,-0.4977007098176988,0.20816509087013527,0.6592651188285797,0.5361297837069368,-0.44690524730442155,-0.2642815773723939,0.9880064302452558,1
-1.0883437149889974,1.650169804786035,2.651837475032563,-2.06613717443031,0.9897855729906739,-1.8755132013160725,2.2219060472314935,-1.260524670315038,-0.104699725827721,-0.8052764802118335,1
0.09544195510886172,0.2627581076608073,0.6630924686573589,-0.22918556868104747,-0.8328176635170447,0.4987338735318129,2.2344594213388493,0.6807916749464505,-0.027885610981335147,0.9675854357822795,1
-0.30892488248705796,-0.5000083843839996,1.1457045215294257,0.7439615107113148,-1.09659271120297,0.6579881046746896,-0.2251240960758293,-1.3139656976340797,-0.525362095621918,0.5358707310240339,0
0.5421462623138207,0.40019679863273033,0.41307661720905675,-0.02819807632046539,-0.3718274332994109,-0.5356365391047703,-1.24605061131486,1.0011285966418988,0.2580354017566729,0.16812752452085847,0
-0.39227608421787585,0.6773594461131482,-0.2927025120324539,1.9474258082974736,0.36334360241277014,0.11218124523207793,1.0519177535610937,-0.3447516399931021,0.38422995674495586,-0.26102187663539433,1
0.4763705055850599,0.9094614635918764,-0.44875288742934816,1.6314272715400733,1.1847661569066772,0.9185813943386177,0.3123174815453462,0.2986847754721228,-0.3290207186908919,1.477793687141376,1
-0.5140891361829337,-2.694428019886238,0.04856106788579784,-1.738313378043053,1.63856193507066,0.48494590101214236,0.15975836689198816,0.5973673293579391,0.8788716177540344,-1.5435276015410502,0
0.07711918406027017,1.0572120514082246,0.5575835180125193,3.0508442416506267,-1.3393000206230703,-0.20084013158342914,-0.9426060528926807,-1.974127318153439,0.3133457435511165,-0.16761681239096585,1
-1.2816306673717643,-0.35648199324201196,0.4380865214072438,-2.371900904029943,0.8765869345404576,-0.009660663767439017,0.7427088423188116,0.6882277335056943,-0.0770834342312892,1.0948864176423474,1
0.20906864861514138,1.0253073803807138,2.955345566706328,-0.3380124643553477,-0.6325514214194039,0.08775429287060704,-0.4282281229155184,-0.2613304014995444,-2.2238974717279643,0.018137140815568355,0
-0.8484011639144675,0.07182316124665557,0.1483116756580003,0.23046791855432947,-0.009116050388462665,-0.20509821617638216,-0.3469506143825053,-0.885043960857747,-1.1773173289805714,-1.4490492652200382,0
-0.4473199250120613,1.2318899697236507,-0.3252292604167231,1.1448965328874736,0.47438354234924346,-0.379881743798582,0.723300297264369,0.6618797146859092,0.4175210609369311,-0.3309545429366438,1
-0.14609337532157307,0.13032702386643802,0.11990500831512112,-0.35730890064387244,-0.6066246672353957,0.26150134820545107,-0.7774289994702904,-0.5391432380127568,1.119690486362962,0.24017300179598977,0
0.5088952405562067,0.4330114515375273,-1.0343314816998677,1.8728725989437376,-1.3011947171557436,-2.1742597944430475,-0.20558100867903284,-1.7698230412782034,-0.44740536286770904,-1.8047305462048335,1
-1.7196751484221682,0.07162388594814491,0.3154077472124786,-0.7725999587035086,1.2457561674493944,-2.548998197765932,0.15647942717776694,0.3311834831042914,-0.05717842937297647,0.9901837649970411,0
0.3973452684753424,-0.09011236132413403,0.7525288829597853,-0.3012408875964136,-0.21469077766716696,0.2628618933245042,1.8810161407440462,0.13612994706388176,-0.6455595277782333,0.2689275535151779,1
0.837407299044794,-0.34822402007036457,-0.5533434896537422,0.21232019020698484,-0.7613167714171127,-0.07945906635279874,1.1485878905212363,0.9000150890590283,-1.1339804492402108,-0.1674269450488437,1
0.020741158681304755,1.3658670527764623,-1.4056864250425405,-0.6398771383009314,0.6006635788732676,-0.807148059929882,0.3884527677426544,-0.8996027019364987,0.5046220925480204,0.5473253654376632,0
1.2464376965463835,1.846605874727547,-0.6160177742315244,-0.4604310471149879,-0.9425820766829882,-1.598673383683517,0.6641220670219918,1.2765057595024691,0.8788913920392777,-1.0624821504946043,0
0.6756847630657462,-1.34567471237521,1.7462854087057962,-1.2361766609501554,-2.6321059390217125,0.1057364780436521,0.23073130471480677,-1.107998400892283,0.5605874637687157,1.4059012672835194,0
2.1214534952212625,-1.5998240870634344,-0.5899375167564829,-0.4704914468792579,-1.6119129362400093,-0.6242025019923424,-1.229184255433384,-2.1054487176960484,-0.5475446053873185,-0.5808391778611706,1
-0.18403182537052426,0.5161492892814228,-0.22889270044042043,-2.0555645651567853,0.6063927965936017,1.7627836635593832,1.0355747852028678,2.1103264322658855,1.4534032496781577,1.9280525659435392,1
0.9019150379325362,-1.0515657411835238,-0.4680254224667192,-0.7407688501970979,-0.03364248857261737,-1.5116034286599678,-0.21252292748597443,0.7802039586236089,-0.3744691149252112,-1.2475460022154807,0
0.17191300090096526,0.6781242558147181,-0.10353475314363547,0.03461864507665099,1.2780673053512486,-1.661370266289207,1.1912439699117927,-1.292533326445368,-0.5545836421200588,-0.6347941534952992,0
-0.058370141853428585,-0.7990249714247539,1.4396499107199294,0.7051841348489182,-0.44574004045351323,1.6664974989839416,-0.11767865314198472,-1.424067106395497,1.2170699693139833,1.2722070528086928,0
0.207456771427814,0.5049151184420915,0.2288027445974457,-1.5949611060671343,1.7546510221463525,2.2006126733168925,-0.6642621599771745,-0.9263114514473003,0.044168065981311025,-0.1458638965091927,0
-0.641617710356395,1.1663204534715754,0.14427705586896444,-0.6598880760601996,1.5743993237688054,0.4036391054871838,1.4544910844743784,-1.0542603367343717,0.45544715827001947,-1.5841185939935485,0
-0.3768274043582436,-0.21971500740898345,0.7539453008803549,-0.8641233073548635,0.19118793352642224,-3.0768642263922676,0.22756628641674995,0.6054659128958696,-0.5277122008404918,-0.7422718577075894,0
-0.40605966462173915,2.4444654302044118,0.5098367799072503,0.9144230388804705,-1.5943397746618433,-1.3550524295811779,1.430594085163296,-0.8664781258198183,-0.2865590115644001,-0.9238485666380326,0
-0.5825967792583161,-0.67097020101296,-0.917628243969822,0.48965522893016455,0.25120532929229883,0.7685967954328972,-0.7213214962997812,0.4296475774138302,-0.8647084377410158,0.6085810039171419,1
0.1808133840945607,-1.500077932724388,-0.09041076225752265,1.4649442320247041,0.6967220426005175,-0.2775507469696129,-0.3743721412958503,-0.1531454092028855,-1.4606756651506343,1.1841519959382865,1
-0.8029478221332811,-0.908328007563535,-0.48662689594207775,-1.305293034147835,-1.295972810192291,-1.3906599037786482,-1.3306402666011272,-0.14168566957337095,-1.5180655276614048,0.7572797874600984,1
1.1507784222991562,0.515517828686182,-0.33453187855275035,-0.004707346085179469,-0.587368803587426,-0.1364971556777048,1.709110729431632,1.8598352488069394,0.4862379277838872,0.805096522034463,1
-1.5609459293442978,0.6166327349734082,0.157128549409485,-2.162401042649441,-0.4969403721721053,-1.0314538450985766,0.40910207339675536,0.653763525400778,0.16996247082855834,0.5320412773117804,1
-0.6378104340338784,0.2176296915823602,-0.1184235985801934,0.4197559551391848,-0.6078186606081052,-0.4803376070723865,0.37915647571174177,-1.3771798254318057,-0.460552930854436,0.905990505186429,0
1.0617954081649357,1.2521937535604106,-0.23329683080081845,-1.2095163028354385,-2.4760918040039774,-0.6563907864617282,0.11064872238395712,-0.15447914425099196,1.8349507917391246,1.7821084244201426,0
-0.26691408752869616,1.3232844444289376,-2.0279495176406073,-2.262714706196175,0.9674234665796517,1.6265323542048489,-0.11731191577780548,0.3684400895561624,0.11023365546055894,0.32889030256992813,1
-0.6652669312497559,0.7122279346013922,-0.5736985046711781,-0.4758814616707868,-0.8384185395763581,0.7644936521511957,1.4280100767354467,0.2557483211641667,1.136004420491537,-1.6101651226542677,0
-0.16383053430363295,-2.033666290388533,-1.6647886270875278,-0.49237992533999536,0.33067257802848843,-0.9629147273020213,-0.365036299051048,1.238543800554761,-0.29484965001673535,0.25608845710238787,0
-2.4995446789213718,-1.2516410067611559,-0.4501706637186468,-0.642988932883689,0.22595557510444536,-1.3376443145793318,1.5951755245977621,-1.1404758321537267,0.5088399116819484,-1.3688703234259028,0
-0.35008285278064877,1.170442140504064,1.12271846966165,-1.96682067026762,-1.476229634881224,-0.016454276867634964,-0.5240142018315124,0.4483446028169676,1.496985304401259,-0.5349237776447346,1
0.24282417892162697,-0.2535266811679722,0.17934050632659057,0.5191741255181751,-1.4387573102684283,-0.8909945949384125,-0.21679457744752112,-0.26191976263206873,0.15426556180282244,-0.9358763131649487,0
0.021261657976431758,-0.7427656479743725,0.515348179554959,-1.0043504622112358,-0.16750223203153541,0.1229295919378598,0.21280278688362883,0.40140812365071704,0.3026581363740383,-1.0305564889758083,0
-0.26239817257366954,1.2869827700487233,0.3864578480565971,-1.0917376638254015,-1.075073217554675,-0.023796359426472204,-0.23589671017647282,-1.723947019881745,-0.17317385897432025,-2.221898982091377,1
0.6772598693341083,0.19138203315732052,1.4591572394919325,-0.7330355520827233,-0.1964988690983001,0.03228202591559705,-0.0765188712643348,-0.9536787657557223,1.582353528747913,0.36012886759219515,0
-0.5298628700444565,0.6155356099618559,-0.0995134775699736,-1.002374831428851,1.0143925074714404,0.716788538379819,-0.0769798541359005,0.03478602928955572,-0.07847938849490836,-2.5453225320020327,0
-1.8273969076339982,1.634004010115934,0.22722527387496685,-0.5654750959260162,2.1512405410610427,-0.8812672390193624,-0.7206941984652191,-0.46866815551156454,-0.6608149019153075,0.8354464787022128,1
-0.48245103741817513,0.5602932411293051,-0.6857341402621601,2.2529827663121402,-0.6810377287940824,-1.9093172019719615,0.7033197457545746,-0.1105062883863409,1.6060009153131878,0.5485991329912563,1
-0.49307735076085246,0.6986604299407226,0.469464861819151,-1.7528792259354933,0.041082464018640706,0.7693209333226846,-1.7403915499869544,-2.153320184552759,-0.7615920377063471,-0.20926319640977692,0
-1.7862133913152418,1.781203625941619,0.17304201218167578,-0.11013128603649286,0.8112226903914808,0.7530826523489594,0.2527511796428348,0.15931401754498792,0.4019923974341784,-0.6939639889723558,0
0.051050773319138855,0.36155485110090885,0.683304278817756,0.49735263635351035,1.1786920885256624,1.504227583862284,-0.21609108096686744,1.0512429418622395,1.9062946763844568,-1.4421339480778583,0
0.5628091500890839,0.20487185874279215,-0.5779880576106894,-0.20560701401471973,0.7985101416558127,-0.4841719656346808,-1.1312023880468005,-2.085447786940254,-0.3652357158157972,-0.41461403784908346,0
0.2749294210666127,-1.3511470523615596,3.7205680217296466,-0.9696217425724586,-0.628535656914065,0.4893205410144269,0.38826795717109536,1.5319287641274104,1.1218604812915918,-0.9306360760314857,1
-1.153552694913997,1.3327463698593034,-0.6846974876025308,0.4070594948869388,-0.8348460456251009,-0.8945493981674476,-0.48686742378448955,-0.1728640996998681,1.798945790097381,1.8674022896756213,0
-1.3423584156646897,-1.2831183053696238,-0.809668916219706,1.3883804765646504,-0.07186142572781506,0.12211834834467541,1.3359027936972128,1.5195317066840184,-0.4619969405075188,-0.09252552656189954,0
0.24551183617042782,-1.199863722007534,-0.005811236183364722,0.5672900039719799,-0.5219385086425825,0.22749742133745823,0.049542364466762655,0.08841467520376105,-1.3239255903579403,0.399646451894786,0
0.5072263619891468,0.19996645839268012,-0.043059867043868064,0.22224064630734947,0.7668054662220284,0.644664952545311,-2.4984562597737816,0.6135741263647807,0.22263646161237124,0.9222794897526101,1
1.418265980398828,-0.4540603504575978,1.0780459100929352,0.03132204139279371,-0.29547775475408744,-1.8770362989270988,0.4753017999071429,0.585389757747365,0.16019677083894648,1.202287844471351,0
0.35324394313597124,-0.1147978023548438,0.49464843173139317,1.3964750524526137,1.2887522746529487,1.0929565583753027,-0.23213896006312829,-0.4820190387113102,0.6163791506524243,0.982192972795687,1
1.3858884493374226,0.8511568223184691,-0.7175142337824444,0.6185183191594736,-0.669233038374969,-0.3787615298793589,0.619348708521684,-0.9511256341368236,-0.36320867584547206,2.4834870394848396,1
-1.194549847524604,0.059880540638750916,0.19532056565884912,1.598900184699926,1.3964897502337623,-1.3288581737448373,-0.279426501427856,-2.073865937079788,0.5379178907784755,-0.1364501702267179,0
-1.3659971224948753,0.42021533142997863,-0.690794497507283,-0.2087234009870776,-0.09311392705746854,0.8550780195640207,-1.9265461101724253,0.6621628460945976,-1.9065524060693497,-0.21261960510490407,1
-1.9731507173232439,-0.6261021040871767,-1.1840227540961226,-0.7130261211812534,0.533709093052406,0.9217978560536474,-0.752483718105988,-0.8195223821112,0.5604415696363036,-0.9782886052930498,1
1.170510180261411,1.6888494455908822,-0.2770006979553843,-1.2769940179270631,0.20499811800119755,0.25361479277535853,0.36671066107000333,0.5231857887816368,-1.0890379790534048,-1.073665598963901,0
-0.07451093375096624,0.822109916928932,-2.0156583227038447,-0.773305837518882,-1.8178145376588442,0.8044097389764759,0.2835810052285128,-0.5373653679670181,1.2917687239746347,0.21334639769742975,1
-0.1959686596564617,1.546378969275727,-1.1723439536018352,0.18364538775230538,1.5310944594986236,0.6760878256705072,-1.4981563749873792,-0.004786676913321461,-0.272317748165842,1.6225546274561728,1
0.39709370271023936,-0.7017173928639008,0.44906594190807125,0.07849094918615494,-0.23565597953787865,-0.13749866267485847,-0.3704926246136421,-0.10217854441448232,-0.1655559292436456,-1.0316661346468652,0
0.5087466874062004,1.034816796587803,1.0434938994672216,1.7970307640571443,-1.4235770625778263,-0.9164384203986694,1.9247483391147149,0.0962771571458687,-0.5378499878919728,0.2264175348471709,0
-0.22727541013329505,1.422528419250062,1.8629372134909135,-0.6619471201895722,0.38818362672796997,0.19615421167891314,-0.5871007618893597,-2.121472834409313,0.2072107371628897,1.0113278304671123,1
0.7467201014903371,-1.2790042370565702,0.5230718499696747,1.9785749058074846,-0.48936741040801107,0.5738016866111667,-1.1646029865515763,0.11728535244463313,-1.1474405158885683,0.719085763490578,1
0.7367930640470305,-0.881218530995611,0.15507749194118636,1.5957997884315105,-1.200015150930322,1.539007345367729,-0.3731284615245072,0.3093212833144839,1.076355835774778,-1.4775472635549431,0
3.225569000850508,1.7637600509377243,-0.44811123731280933,-0.8632753902215834,-0.31092491153586627,0.7829538953646009,-1.5821513838517078,-0.7419530847909709,-0.03943573956018785,0.6108391725576219,0
-1.3799593160898658,-0.29525991003448615,-1.6968833442854965,-0.11194190501453197,-0.9301609434269748,0.4191164990949715,-0.4499669777588938,0.04341863803898624,1.202518395167661,0.4845210229173968,0
1.5721058373207486,0.9454881466071773,-1.6559872835982654,0.04379301174327123,-0.020401307252372047,0.8593540248072704,1.0840025378159033,-0.47028366042971176,0.7795488831039924,0.34378276672987473,0
0.1674893995823925,-1.4155825417993864,-0.3540381199728353,0.8726743326201144,0.37042488744695007,0.6951651490047009,0.43421505979768543,0.35358088893561473,-1.5929966913822358,1.202561522223742,1
0.7743428284764202,0.7077390210355641,1.2009571766819147,-0.6740499713630483,-0.7214094502465113,-1.3514733106280001,-0.8170792996903748,0.6868766940994476,0.47053914869179486,-0.606827210923802,0
-0.31852379977019696,-2.564571205988643,-1.6398810675823352,0.3937785016644971,-0.1402356214362787,1.5046068378845925,0.3212747082088968,1.8451222225734913,0.4872856918956461,-0.6485612667730701,1
-0.3526168105602634,-0.9123839170338665,-1.1130967931655071,-0.5967219835966708,0.7938229251066453,0.21921815591225877,0.01645431571812153,0.7552436320174292,-0.9788247229857845,0.6363867668550762,1
-0.47789343329923833,0.7036133231032659,0.330209835106013,0.826263552434782,1.2040386679492652,-0.4622843841751945,0.7609820268042811,-0.12980186731975404,0.7553684133045033,1.4292365249763428,0
0.772915892274176,0.04077692550252987,0.0794324484639906,-0.14051309733468745,0.08504714890046271,0.0890868758434837,-0.056633483818393664,0.2645216412851679,-0.3256911452031855,0.2828966037321238,1
0.1571586387112497,-0.10430606024560182,-0.8479050142534009,0.3077101083924618,1.4929533428511372,0.3475068318035075,0.25118169108586014,-1.2186787471240386,-0.45293123477725405,-1.2491193468253037,0
-0.32002677395961204,0.29466102267896643,-0.06507887335914385,-1.050965838262248,-0.6173969775198928,-0.8528725566673724,1.5856213101505845,1.1326450672245876,0.25447722960891184,-1.9158698736045892,1
0.19606118471745373,0.5495599099195161,0.28825698753805523,0.1471987072514943,-0.8013604168828814,1.4085233036898115,1.1876879672689447,-0.15472749758946336,1.2154195411787916,-0.6159755027165522,0
0.22027708563652507,-1.094736542853064,0.5714718357340879,0.7075997261424097,0.5534045997577051,0.3902747755554168,-0.5974664112275483,0.5402270632050085,0.31722983408880095,0.18702486106581978,1
-1.0973709881253826,-0.9173613802944625,1.6004263011610038,-0.4957445935328316,-0.5878840363615183,1.2114779846392831,-0.24057277029636262,-1.3195068859144452,-1.234516290017112,-0.9818916220554513,1
-1.476037201029203,-0.5186585799680716,1.6042028083654511,0.26760339012387274,1.064678957970205,-0.35478440101494496,0.5953893329535753,1.7774636979394758,-1.0209675169530403,-0.8571895615283965,0
0.14720093802130366,-0.6882378456792099,0.7445303160257186,-1.5471482242462238,3.798164675560622,-1.4776487795280304,0.2035298997981492,0.5784379230424748,0.345452581217656,0.8689436917477876,0
-0.030606611817474094,-1.0058178670831612,1.606553809385918,1.8177559876719127,-0.35261603360307875,-0.7171259916533884,0.050754257412771724,0.24269711099037983,-2.836365121060717,1.6671336640504795,1
0.00618801802761024,1.6513634928069796,-0.7011602167591989,-0.6362092947743533,-0.30711737293689917,-0.3543052949251238,1.9155635092684102,0.3300467840919252,-0.2858505217634956,0.9322155617560507,1
0.8373239943547748,-0.7278362295354508,-0.46571042607250485,-0.050654574652115265,0.529077599825737,0.732668430824949,0.5656319206091714,-1.8134834756597256,1.2266725260602171,0.3862193182713487,1
0.14186511433069038,1.7933770753268556,0.09790477742152738,-0.7328344949194403,-0.8254563499659898,0.13666036699910275,1.084384351686604,0.24763607390262196,0.8096189450770964,1.0781243635219941,1
1.709440376983195,1.0412698149241726,0.7207291473850576,-0.3298678458751509,0.9339019665989562,-0.17797726277821935,0.5391230813627252,-0.09036207165732552,0.48538816959071285,0.3332970216816657,0
0.7336154866132063,0.3745117895784052,-1.06381030207656,0.032535062953238075,0.36491717860832623,-0.9517903694293971,1.5299529103620362,1.3292355691317945,0.9015002201000587,1.144212458827698,0
-0.1898075545278505,-0.10071771631826897,-0.5760375479820151,0.9868054034967934,-1.3340122702820856,0.08649918675120336,1.2788644051855642,2.1962121092856903,0.37172457714681617,-0.2864496769281582,0
-0.2764398857466347,-0.5167183257650312,1.1809923277733774,-0.8993295295885622,-0.7984866194684537,-1.0308195624336018,-0.18847586089952942,-0.9454550157244487,-0.646857436506079,-1.4819759558673893,0
-0.026297424290837198,-1.2465019446610137,-0.8619304525304439,-0.06977115445976903,0.7164322142495875,0.49441452483807335,0.31851941038126963,0.34037855726612976,-0.27628880276999385,0.539869111179814,1
1.2359489441322233,1.7713844303476307,1.8056377338629022,0.6346976601467067,-0.8087319122814548,-0.5518801780172795,0.48817424170685825,-1.552908309571319,-0.12335786037964515,0.8564153355447282,1
-0.32283944719655866,1.529255464327442,0.09901092776024152,-0.5585167603390049,1.0984244071855134,0.4529491761330028,0.22187282751764761,0.27682303640492917,-0.8709525946476944,-0.6092548692347564,1
0.881537587734909,0.8223676554943633,0.8617465475915665,0.9983611265819904,-0.6445026118897085,-0.9112819887484961,-0.6418575599669184,1.5415964291439126,-2.8634285562659176,-1.8942718657628639,0
-1.1429566155433664,1.939729855778904,0.1387521554848454,-0.5495679322368617,1.2156953475819332,0.6844228967008114,-0.19905767559962848,-1.8523839128142359,-0.8704107489186157,-0.3141118039287298,1
-0.3146094436862847,-0.48464547929549046,1.6270702198573237,-1.0821242161909614,1.5139333161704744,1.0014731081639485,0.21089438829545207,0.4211359256832719,0.6986686812221544,-0.35392591079509667,1
1.1374375436235715,-0.6706007205292909,1.8639179015132823,0.08189663569527951,-1.3820151330760624,-2.658135109619534,-1.3617247874595224,-0.6618501638758255,-0.38161806863073094,0.677203403469741,0
1.5986614803818535,-0.6354765530761073,0.6280540120682593,-0.1026877903841129,-1.4088213108861336,0.03329302665872766,-0.6553641510107204,0.175314646243956,-0.8985466094325837,-1.8214333731157912,0
-0.05219145996305742,1.0548217135771905,-1.3848955198984618,0.3644782881711904,-0.07491705059610608,0.619728778216217,1.077370637313637,0.569206440655256,0.8871597276556514,-1.97148084587359,0
-0.5594333982143623,1.5021715774639148,0.20631010745331035,0.3275861047406893,1.6438735304074958,-0.1786193437362853,-1.063232063562117,-0.5433529846297737,-0.015840199524019927,2.683526032434941,1
